distribution,time,sheets,id,friends,surplus,agents,full_agents,stage
exponential,51,10,0,0,42,2,1,buy
exponential,110,10,1,2,101,2,2,buy
exponential,18,10,2,8,12,10,1,exchange
exponential,19,10,9,9,14,10,2,buy
exponential,30,10,1,2,21,5,1,buy
exponential,32,10,4,0,23,5,2,buy
uniform,14,10,1,2,5,5,1,buy
uniform,17,10,2,0,8,5,2,buy
uniform,21,10,4,0,12,5,3,buy
uniform,22,10,0,8,13,5,4,buy
uniform,39,10,3,2,30,5,5,buy
exponential,13,10,13,23,7,20,1,exchange
exponential,35,10,7,9,29,10,3,buy
exponential,70,10,3,2,61,5,3,buy
exponential,14,10,8,22,6,20,2,buy
exponential,37,10,0,9,30,10,4,buy
exponential,40,10,1,12,33,10,5,buy
exponential,160,20,0,0,141,2,1,buy
exponential,180,20,1,2,161,2,2,buy
uniform,12,10,5,14,7,10,3,exchange
exponential,17,10,15,16,11,20,3,buy
uniform,14,10,8,9,8,10,4,buy
exponential,128,10,2,0,119,5,4,buy
uniform,15,10,9,9,9,10,6,buy
exponential,43,10,5,14,37,10,6,buy
uniform,159,50,0,0,110,2,1,buy
uniform,24,10,7,9,17,10,7,buy
uniform,25,10,6,1,17,10,8,buy
uniform,27,10,4,2,21,10,9,buy
exponential,51,10,8,9,45,10,7,buy
uniform,37,10,2,8,31,10,10,buy
exponential,463,50,0,0,414,2,1,buy
uniform,265,50,1,2,216,2,2,buy
exponential,22,10,0,26,17,20,5,exchange
exponential,23,10,1,24,18,20,6,buy
uniform,9,10,28,28,5,30,6,exchange
uniform,10,10,17,37,3,30,11,exchange
uniform,11,10,27,35,7,30,17,exchange
exponential,261,10,0,8,252,5,5,buy
exponential,25,10,9,11,18,20,8,buy
exponential,96,10,6,1,88,10,8,buy
exponential,98,10,3,7,94,10,9,buy
exponential,83,20,4,0,64,5,1,buy
uniform,14,10,22,17,9,30,24,exchange
exponential,49,20,1,12,34,10,1,buy
uniform,16,10,23,18,11,30,27,exchange
exponential,32,10,18,22,25,20,9,buy
exponential,121,20,1,2,102,5,2,buy
exponential,34,10,19,13,27,20,10,buy
exponential,54,20,5,14,45,10,3,exchange
exponential,130,20,3,2,111,5,3,buy
exponential,781,50,1,2,732,2,2,buy
exponential,40,10,3,29,34,20,11,buy
exponential,173,20,0,8,154,5,4,buy
exponential,176,10,4,2,169,10,10,buy
uniform,23,10,16,29,17,30,28,buy
exponential,197,20,2,0,178,5,5,buy
exponential,41,10,11,19,32,20,12,buy
uniform,171,50,2,0,122,5,1,buy
uniform,26,10,7,30,19,30,29,buy
exponential,46,10,12,14,37,20,13,buy
uniform,182,50,0,8,133,5,2,buy
exponential,50,10,14,21,46,20,14,buy
uniform,205,50,4,0,156,5,3,buy
uniform,216,50,1,2,167,5,4,buy
uniform,237,50,3,2,188,5,5,buy
exponential,53,10,6,11,47,20,15,buy
uniform,70,50,8,9,41,10,1,exchange
exponential,92,20,3,7,79,10,4,buy
exponential,34,20,0,26,26,20,1,exchange
uniform,77,50,5,14,48,10,2,exchange
exponential,36,20,19,13,22,20,2,buy
exponential,99,20,9,9,88,10,7,exchange
uniform,80,50,9,9,48,10,3,exchange
exponential,280,50,2,0,231,5,1,buy
exponential,41,20,15,16,29,20,3,buy
uniform,86,50,2,8,58,10,4,exchange
exponential,70,10,17,9,61,20,16,buy
uniform,308,100,2,0,209,5,1,buy
exponential,44,20,7,17,31,20,4,buy
exponential,794,100,0,0,695,2,1,buy
exponential,12,10,27,35,8,30,1,exchange
exponential,77,10,7,17,69,20,17,buy
exponential,136,20,0,9,123,10,8,buy
uniform,100,50,0,9,71,10,5,buy
uniform,105,50,1,12,76,10,6,buy
exponential,84,10,5,25,78,20,18,buy
exponential,47,20,8,22,35,20,6,exchange
uniform,51,10,24,34,46,30,30,buy
exponential,14,10,7,30,7,30,2,buy
uniform,114,50,3,7,82,10,7,buy
exponential,48,20,13,23,35,20,7,exchange
uniform,117,50,4,2,82,10,8,buy
exponential,52,20,18,22,41,20,8,exchange
uniform,9,10,9,11,3,20,2,exchange
uniform,10,10,12,14,5,20,5,exchange
exponential,17,10,4,28,13,30,3,exchange
uniform,398,100,4,0,299,5,2,buy
exponential,103,10,2,13,97,20,19,buy
uniform,11,10,8,22,8,20,9,exchange
exponential,104,10,10,4,97,20,20,buy
uniform,12,10,16,13,8,20,12,exchange
exponential,55,20,17,9,40,20,11,exchange
uniform,13,10,15,16,8,20,14,exchange
uniform,16,10,18,22,12,20,15,buy
uniform,139,50,7,9,106,10,9,buy
exponential,314,50,1,2,265,5,1,buy
exponential,315,50,2,0,266,5,2,buy
exponential,200,20,6,1,184,10,9,buy
exponential,202,20,7,9,189,10,10,buy
uniform,410,100,3,2,311,5,3,buy
uniform,17,10,7,17,13,20,17,exchange
exponential,60,20,9,11,47,20,12,buy
uniform,18,10,17,9,13,20,18,buy
exponential,335,50,3,2,286,5,3,buy
uniform,20,10,13,23,14,20,19,buy
exponential,19,10,13,15,12,30,4,exchange
exponential,21,10,12,11,14,30,5,buy
exponential,1102,100,1,2,1003,2,2,buy
exponential,70,20,14,21,59,20,14,exchange
uniform,37,10,10,4,32,20,20,buy
exponential,23,10,10,41,17,30,9,exchange
exponential,24,10,22,17,17,30,10,exchange
uniform,473,100,1,2,374,5,4,buy
uniform,188,50,6,1,150,10,10,buy
exponential,27,10,28,28,22,30,11,buy
exponential,80,20,5,25,67,20,15,buy
uniform,923,200,0,0,724,2,1,buy
exponential,583,50,0,8,534,5,4,buy
exponential,32,10,21,22,25,30,12,buy
uniform,580,100,0,8,481,5,5,buy
uniform,57,50,5,25,29,20,2,exchange
exponential,818,50,4,0,769,5,5,buy
uniform,58,50,11,19,29,20,3,buy
exponential,555,50,3,2,506,5,2,buy
exponential,36,10,11,28,33,30,14,exchange
uniform,65,50,14,21,40,20,4,buy
exponential,138,20,10,4,121,20,16,buy
exponential,46,10,1,23,40,30,15,buy
uniform,67,50,7,17,42,20,5,exchange
exponential,680,50,4,0,631,5,3,buy
exponential,690,50,1,2,641,5,4,buy
exponential,152,20,16,13,139,20,18,exchange
uniform,1395,200,1,2,1196,2,2,buy
exponential,51,10,0,30,47,30,16,buy
exponential,155,20,4,6,143,20,19,buy
uniform,72,50,3,29,45,20,8,exchange
uniform,74,50,8,22,49,20,9,buy
exponential,55,10,5,26,50,30,17,buy
exponential,28,20,11,28,18,30,1,buy
exponential,57,10,26,20,52,30,18,buy
uniform,77,50,19,13,44,20,10,exchange
exponential,59,10,14,17,53,30,19,buy
uniform,84,50,16,13,61,20,12,exchange
exponential,66,10,9,34,61,30,20,buy
uniform,86,50,6,11,59,20,13,exchange
uniform,87,50,9,11,57,20,14,buy
exponential,969,50,0,8,920,5,5,buy
exponential,72,10,19,48,65,30,21,buy
exponential,74,10,15,30,68,30,22,buy
uniform,101,50,10,4,67,20,15,buy
exponential,280,20,11,19,266,20,20,buy
exponential,91,10,20,29,86,30,23,buy
exponential,92,10,23,18,87,30,24,buy
uniform,109,50,4,6,77,20,16,buy
exponential,43,20,0,30,33,30,2,exchange
uniform,474,100,0,0,375,2,1,buy
exponential,44,20,14,17,32,30,5,exchange
uniform,669,100,1,2,570,2,2,buy
exponential,45,20,23,18,30,30,6,buy
exponential,103,10,8,39,97,30,25,buy
exponential,139,50,5,14,115,10,1,exchange
exponential,47,20,8,39,36,30,7,exchange
exponential,106,10,16,29,101,30,26,buy
uniform,121,50,2,13,94,20,17,buy
exponential,114,10,25,22,107,30,27,buy
uniform,127,50,17,9,89,20,18,buy
exponential,50,20,19,48,38,30,8,buy
exponential,52,20,18,27,42,30,9,buy
uniform,51,50,3,41,28,30,1,exchange
exponential,57,20,10,41,45,30,10,buy
exponential,59,20,2,15,47,30,11,buy
uniform,148,100,0,9,86,10,1,buy
uniform,149,100,2,8,98,10,2,exchange
exponential,62,20,29,14,51,30,13,exchange
uniform,54,50,9,34,29,30,2,exchange
exponential,65,20,13,15,55,30,15,buy
exponential,144,10,17,37,139,30,28,buy
exponential,1562,200,0,0,1363,2,1,buy
exponential,68,20,20,29,58,30,16,buy
exponential,600,100,4,0,501,5,1,buy
exponential,69,20,3,41,60,30,17,exchange
exponential,75,20,22,17,67,30,19,exchange
exponential,158,10,3,41,152,30,29,buy
uniform,168,100,9,9,109,10,4,exchange
exponential,76,20,21,22,62,30,21,buy
exponential,234,50,6,1,187,10,2,buy
uniform,165,50,18,22,136,20,19,buy
exponential,136,50,9,9,101,10,1,exchange
exponential,702,100,1,2,603,5,2,buy
exponential,140,50,5,14,115,10,2,buy
uniform,62,50,27,35,35,30,4,exchange
uniform,186,100,5,14,125,10,5,exchange
exponential,249,50,9,9,216,10,4,exchange
uniform,176,50,12,14,144,20,20,buy
uniform,63,50,4,28,39,30,5,exchange
uniform,12,10,1,2,3,2,1,buy
uniform,20,10,0,0,11,2,2,buy
uniform,64,50,17,37,34,30,7,exchange
uniform,65,50,0,30,35,30,8,exchange
uniform,66,50,22,17,35,30,10,exchange
uniform,67,50,25,22,41,30,11,exchange
uniform,70,50,18,27,43,30,13,exchange
uniform,71,50,15,30,46,30,14,exchange
uniform,72,50,10,41,46,30,15,exchange
exponential,187,50,0,9,162,10,3,buy
exponential,103,20,25,22,91,30,22,buy
exponential,192,50,7,9,158,10,5,exchange
uniform,74,50,20,29,53,30,16,exchange
uniform,76,50,21,22,57,30,17,buy
uniform,241,100,7,9,176,10,6,buy
exponential,216,10,29,14,210,30,30,buy
exponential,982,100,2,0,883,5,3,buy
uniform,80,50,19,48,55,30,18,exchange
exponential,318,50,8,9,290,10,6,exchange
exponential,322,50,0,9,295,10,7,buy
uniform,265,100,8,9,214,10,7,buy
exponential,328,50,3,7,299,10,8,buy
exponential,116,20,5,26,105,30,23,buy
exponential,247,50,6,1,206,10,6,buy
uniform,85,50,13,15,60,30,20,exchange
exponential,118,20,28,28,104,30,24,buy
exponential,356,50,4,2,318,10,9,buy
exponential,269,50,8,9,239,10,7,buy
uniform,87,50,12,11,58,30,21,buy
exponential,122,20,26,20,107,30,25,buy
exponential,301,50,3,7,271,10,8,buy
uniform,92,50,14,17,60,30,22,exchange
uniform,96,50,11,28,74,30,23,buy
exponential,141,20,12,11,127,30,26,buy
exponential,1340,100,0,8,1241,5,4,buy
exponential,548,50,7,9,514,10,10,buy
uniform,352,100,1,12,298,10,8,buy
uniform,356,100,4,2,278,10,9,buy
exponential,3104,200,1,2,2905,2,2,buy
exponential,426,50,1,12,397,10,9,buy
uniform,106,50,26,20,83,30,24,exchange
exponential,1612,100,3,2,1513,5,5,buy
uniform,412,100,6,1,328,10,10,buy
uniform,112,50,5,26,84,30,25,buy
uniform,113,50,1,23,85,30,26,buy
exponential,108,50,1,23,84,30,1,exchange
uniform,116,50,24,34,96,30,27,buy
exponential,165,20,17,37,153,30,27,buy
uniform,320,200,5,14,208,10,1,buy
uniform,1021,200,1,2,822,5,1,buy
uniform,1026,200,0,8,827,5,2,buy
uniform,1035,200,2,0,836,5,3,buy
uniform,152,50,29,14,120,30,28,buy
uniform,1128,200,4,0,929,5,4,buy
exponential,224,20,15,30,215,30,28,buy
exponential,1079,50,4,2,1044,10,10,buy
exponential,238,20,16,29,226,30,29,buy
exponential,1461,200,3,2,1262,5,1,buy
uniform,372,200,3,7,264,10,2,buy
exponential,210,100,0,9,155,10,1,exchange
uniform,197,50,6,14,169,30,29,buy
uniform,1681,200,3,2,1482,5,5,buy
exponential,136,50,2,15,109,30,2,buy
uniform,420,200,0,9,302,10,3,exchange
exponential,140,50,19,48,114,30,3,exchange
uniform,115,100,0,30,63,30,1,exchange
uniform,445,200,8,9,330,10,4,buy
exponential,1823,200,1,2,1624,5,2,buy
uniform,232,50,23,18,202,30,30,buy
exponential,1904,200,4,0,1705,5,3,buy
exponential,366,20,27,35,355,30,30,buy
exponential,154,50,25,22,119,30,4,exchange
uniform,494,200,1,12,383,10,5,buy
exponential,160,50,8,39,138,30,5,exchange
exponential,345,100,9,9,282,10,2,buy
uniform,540,200,9,9,419,10,6,buy
uniform,128,100,16,29,77,30,3,exchange
uniform,129,100,27,35,76,30,4,buy
exponential,168,50,26,20,137,30,6,exchange
exponential,371,100,5,14,318,10,3,exchange
uniform,131,100,17,37,79,30,6,exchange
uniform,135,100,8,39,83,30,9,exchange
exponential,178,50,7,30,152,30,7,exchange
exponential,185,50,20,29,152,30,8,exchange
uniform,141,100,7,30,89,30,10,exchange
uniform,144,100,6,14,93,30,11,buy
uniform,145,100,19,48,87,30,12,exchange
uniform,146,100,28,28,92,30,13,exchange
uniform,676,200,2,8,557,10,7,exchange
exponential,203,50,3,41,178,30,9,buy
exponential,205,50,18,27,178,30,11,buy
uniform,158,100,9,34,110,30,16,exchange
uniform,159,100,21,22,103,30,17,buy
exponential,208,50,9,34,183,30,12,buy
uniform,737,200,7,9,613,10,8,buy
uniform,164,100,23,18,106,30,19,exchange
uniform,167,100,11,28,113,30,21,exchange
uniform,169,100,13,15,109,30,23,exchange
uniform,174,100,26,20,115,30,25,exchange
exponential,615,100,8,9,553,10,4,buy
exponential,226,50,24,34,195,30,13,buy
exponential,3084,200,0,8,2885,5,4,buy
exponential,243,50,6,14,214,30,14,buy
uniform,985,200,6,1,813,10,9,buy
exponential,3823,200,2,0,3624,5,5,buy
exponential,268,50,16,29,244,30,16,buy
exponential,854,100,7,9,778,10,5,buy
exponential,271,50,11,28,240,30,17,buy
exponential,942,100,4,2,866,10,6,buy
uniform,5740,700,1,2,5041,2,1,buy
exponential,287,50,22,17,259,30,18,buy
exponential,198,100,1,23,152,30,1,buy
exponential,290,50,23,18,259,30,20,exchange
exponential,298,50,10,41,274,30,21,buy
uniform,6663,700,0,0,5964,2,2,buy
uniform,2096,400,0,8,1697,5,1,buy
uniform,1326,200,4,2,1185,10,10,buy
exponential,1179,100,3,7,1122,10,7,buy
exponential,341,50,17,37,316,30,22,buy
exponential,1243,100,1,12,1186,10,8,buy
uniform,282,100,25,22,219,30,26,buy
exponential,223,100,0,30,177,30,2,buy
uniform,2519,400,2,0,2120,5,2,buy
exponential,372,50,29,14,345,30,23,buy
uniform,313,100,24,34,254,30,27,buy
uniform,2646,400,4,0,2247,5,3,buy
exponential,1600,100,2,8,1538,10,9,buy
exponential,241,100,5,26,189,30,3,exchange
uniform,3082,400,1,2,2683,5,4,buy
exponential,434,50,13,15,404,30,24,buy
uniform,360,100,22,17,300,30,28,buy
exponential,440,50,5,26,416,30,25,exchange
exponential,442,50,14,17,420,30,26,buy
exponential,447,50,27,35,421,30,27,buy
exponential,256,100,3,41,212,30,4,exchange
exponential,2119,100,6,1,2032,10,10,buy
uniform,389,100,14,17,339,30,29,buy
uniform,3807,400,3,2,3408,5,5,buy
uniform,434,100,12,11,383,30,30,buy
exponential,607,50,15,30,575,30,28,buy
exponential,298,100,12,11,237,30,6,exchange
exponential,623,50,28,28,598,30,29,buy
uniform,121,100,13,23,72,20,1,exchange
uniform,130,100,18,22,81,20,2,exchange
exponential,311,100,7,30,257,30,7,exchange
uniform,131,100,16,13,78,20,3,exchange
uniform,132,100,7,17,70,20,4,exchange
uniform,133,100,14,21,82,20,6,exchange
uniform,144,100,0,26,94,20,7,exchange
uniform,152,100,1,24,107,20,8,exchange
uniform,159,100,15,16,102,20,9,buy
uniform,160,100,8,22,105,20,10,exchange
uniform,166,100,12,14,111,20,11,exchange
uniform,202,100,11,19,146,20,13,exchange
exponential,329,100,24,34,274,30,9,exchange
uniform,278,100,2,13,223,20,14,buy
uniform,286,100,4,6,228,20,15,buy
uniform,353,100,6,11,300,20,16,buy
exponential,366,100,13,15,314,30,11,exchange
uniform,411,100,9,11,353,20,17,buy
uniform,456,100,17,9,389,20,18,buy
uniform,488,100,10,4,419,20,19,buy
exponential,900,200,0,9,791,10,1,buy
exponential,392,100,11,28,344,30,12,exchange
exponential,942,200,8,9,833,10,2,buy
exponential,984,200,5,14,877,10,4,exchange
exponential,1094,50,21,22,1065,30,30,buy
exponential,427,100,15,30,369,30,13,exchange
exponential,1058,200,1,12,952,10,5,buy
exponential,1124,200,9,9,993,10,6,buy
exponential,126,50,15,16,94,20,1,buy
uniform,765,100,19,13,695,20,20,buy
exponential,132,50,18,22,102,20,2,exchange
uniform,240,200,11,28,139,30,1,exchange
exponential,137,50,6,11,108,20,3,exchange
exponential,143,50,9,11,114,20,4,buy
exponential,450,100,19,48,397,30,14,buy
exponential,151,50,19,13,124,20,5,exchange
uniform,247,200,3,41,139,30,2,buy
uniform,254,200,5,26,147,30,3,exchange
exponential,171,50,2,13,144,20,7,exchange
uniform,256,200,10,41,160,30,4,exchange
exponential,461,100,22,17,401,30,15,exchange
exponential,184,50,3,29,150,20,8,buy
uniform,264,200,27,35,162,30,5,exchange
uniform,265,200,8,39,164,30,6,exchange
exponential,203,50,12,14,173,20,9,buy
uniform,267,200,4,28,167,30,7,exchange
uniform,269,200,15,30,167,30,8,exchange
exponential,238,50,16,13,208,20,10,buy
uniform,280,200,18,27,180,30,9,exchange
uniform,281,200,1,23,179,30,11,exchange
uniform,649,400,8,9,429,10,1,exchange
uniform,286,200,17,37,187,30,12,exchange
uniform,289,200,28,28,180,30,13,exchange
uniform,292,200,9,34,192,30,14,exchange
exponential,492,100,10,41,445,30,16,buy
exponential,304,50,4,6,268,20,11,buy
exponential,493,100,29,14,433,30,18,exchange
uniform,314,200,24,34,220,30,16,exchange
uniform,318,200,19,48,224,30,17,exchange
uniform,716,400,5,14,489,10,2,exchange
uniform,334,200,20,29,216,30,18,exchange
uniform,340,200,16,29,235,30,19,buy
exponential,419,50,10,4,391,20,13,exchange
exponential,421,50,7,17,393,20,14,buy
exponential,429,50,8,22,406,20,15,buy
exponential,496,50,11,19,462,20,16,buy
exponential,565,50,14,21,537,20,17,buy
exponential,617,50,5,25,589,20,18,buy
uniform,835,400,0,9,619,10,3,exchange
uniform,437,200,26,20,330,30,21,exchange
exponential,742,50,17,9,709,20,19,buy
exponential,781,50,13,23,749,20,20,buy
uniform,455,200,25,22,343,30,22,buy
uniform,914,400,9,9,690,10,4,buy
exponential,607,100,21,22,549,30,20,exchange
uniform,946,400,3,7,717,10,5,exchange
uniform,980,400,1,12,753,10,6,buy
uniform,1007,400,2,8,776,10,7,buy
uniform,536,200,12,11,414,30,23,buy
exponential,2219,200,7,9,2094,10,7,buy
uniform,558,200,29,14,437,30,24,buy
uniform,616,200,2,15,523,30,25,buy
exponential,2509,200,2,8,2391,10,8,buy
exponential,2511,200,4,2,2364,10,9,buy
exponential,702,100,18,27,647,30,21,exchange
uniform,644,200,13,15,543,30,26,buy
exponential,722,100,23,18,667,30,22,buy
uniform,3630,700,0,8,2931,5,1,buy
uniform,697,200,21,22,587,30,27,buy
uniform,1406,400,4,2,1119,10,8,buy
uniform,776,200,14,17,668,30,28,buy
exponential,438,200,0,30,340,30,1,exchange
exponential,1490,400,5,14,1270,10,1,exchange
exponential,3293,200,6,1,3122,10,10,buy
exponential,1506,400,8,9,1297,10,1,buy
exponential,1508,400,8,9,1301,10,2,buy
exponential,840,100,25,22,787,30,23,buy
exponential,1549,400,9,9,1319,10,3,exchange
exponential,1544,400,5,14,1319,10,2,buy
uniform,4811,700,3,2,4112,5,2,buy
uniform,930,200,22,17,820,30,29,buy
exponential,518,200,5,26,422,30,2,exchange
uniform,5537,700,1,2,4838,5,3,buy
uniform,1990,400,7,9,1750,10,9,buy
uniform,5944,700,4,0,5245,5,4,buy
uniform,6166,700,2,0,5467,5,5,buy
exponential,1813,400,2,8,1570,10,4,exchange
exponential,1047,100,6,14,986,30,24,buy
uniform,1265,200,6,14,1159,30,30,buy
exponential,1114,100,28,28,1057,30,25,buy
uniform,1383,700,8,9,993,10,1,exchange
exponential,1174,100,27,35,1119,30,26,buy
exponential,642,200,25,22,534,30,4,exchange
exponential,1185,100,17,37,1135,30,27,buy
uniform,2663,400,6,1,2308,10,10,buy
uniform,1434,700,5,14,1055,10,2,buy
exponential,2246,400,0,9,2046,10,5,exchange
exponential,2319,400,3,7,2088,10,6,buy
exponential,1260,100,14,17,1204,30,28,buy
exponential,6849,700,3,2,6150,5,1,buy
uniform,497,400,8,39,306,30,1,exchange
exponential,1330,100,26,20,1280,30,29,buy
uniform,527,400,16,29,322,30,2,exchange
uniform,530,400,15,30,323,30,3,exchange
exponential,2987,400,7,9,2748,10,7,buy
exponential,3074,400,6,1,2766,10,8,buy
exponential,3148,400,1,12,2938,10,9,buy
exponential,756,200,19,48,650,30,5,exchange
uniform,550,400,10,41,365,30,4,exchange
uniform,552,400,27,35,357,30,5,exchange
exponential,1515,100,2,15,1460,30,30,buy
uniform,562,400,7,30,370,30,6,exchange
uniform,565,400,3,41,353,30,7,exchange
exponential,2682,400,3,7,2444,10,3,buy
uniform,1682,700,3,7,1276,10,3,exchange
exponential,2686,400,0,9,2467,10,4,buy
uniform,580,400,19,48,381,30,8,buy
exponential,8936,700,4,0,8237,5,2,buy
uniform,585,400,5,26,394,30,9,exchange
uniform,588,400,1,23,384,30,10,exchange
exponential,811,200,7,30,718,30,6,buy
uniform,1716,700,9,9,1299,10,4,exchange
exponential,2812,400,2,8,2585,10,5,exchange
exponential,826,200,8,39,722,30,7,buy
exponential,2822,400,7,9,2599,10,6,exchange
uniform,1735,700,2,8,1337,10,5,buy
uniform,602,400,11,28,394,30,11,exchange
exponential,836,200,28,28,733,30,9,exchange
uniform,927,700,1,24,573,20,1,exchange
uniform,1783,700,0,9,1404,10,6,exchange
exponential,223,100,1,24,182,20,1,exchange
uniform,623,400,0,30,421,30,12,exchange
exponential,863,200,11,28,756,30,10,exchange
uniform,960,700,0,26,608,20,2,exchange
exponential,10173,700,2,0,9474,5,3,buy
exponential,298,100,18,22,237,20,2,buy
uniform,664,400,17,37,457,30,13,exchange
exponential,322,100,8,22,268,20,3,exchange
uniform,991,700,14,21,626,20,3,exchange
exponential,340,100,5,25,285,20,4,exchange
uniform,684,400,28,28,485,30,14,exchange
exponential,366,100,13,23,307,20,5,buy
exponential,401,100,14,21,344,20,6,buy
exponential,422,100,7,17,370,20,7,exchange
exponential,436,100,4,6,376,20,8,exchange
uniform,717,400,4,28,523,30,15,exchange
exponential,979,200,29,14,868,30,11,buy
exponential,11535,700,0,8,10836,5,4,buy
exponential,464,100,19,13,397,20,9,buy
uniform,723,400,13,15,496,30,17,buy
uniform,726,400,18,27,525,30,18,exchange
exponential,3837,400,9,9,3612,10,7,buy
exponential,490,100,12,14,429,20,10,buy
uniform,2082,700,1,12,1691,10,7,buy
exponential,496,100,6,11,437,20,11,exchange
exponential,525,100,15,16,470,20,13,exchange
uniform,1066,700,5,25,725,20,4,exchange
exponential,694,100,3,29,642,20,14,buy
exponential,712,100,10,4,640,20,15,buy
exponential,1074,200,15,30,978,30,13,exchange
exponential,1080,200,16,29,970,30,15,exchange
exponential,753,100,11,19,706,20,16,buy
uniform,827,400,20,29,617,30,19,exchange
exponential,946,100,17,9,885,20,17,buy
exponential,960,100,16,13,895,20,18,buy
uniform,869,400,14,17,649,30,20,exchange
exponential,1171,200,18,27,1056,30,16,exchange
exponential,5176,400,1,12,4967,10,8,buy
exponential,1191,200,3,41,1093,30,17,buy
exponential,7756,400,4,2,7446,10,10,buy
exponential,1195,200,12,11,1083,30,18,buy
exponential,1156,100,9,11,1094,20,19,buy
uniform,902,400,29,14,676,30,21,buy
uniform,1197,700,3,29,859,20,5,exchange
exponential,18145,700,1,2,17446,5,5,buy
exponential,1265,200,27,35,1164,30,20,exchange
exponential,1266,200,21,22,1150,30,21,buy
uniform,966,400,24,34,752,30,22,exchange
exponential,1303,200,4,28,1194,30,22,buy
uniform,1259,700,18,22,893,20,6,exchange
exponential,6140,400,4,2,5847,10,9,buy
uniform,1007,400,23,18,788,30,23,buy
uniform,2854,700,4,2,2369,10,8,buy
uniform,1032,400,12,11,808,30,24,buy
exponential,6661,400,6,1,6331,10,10,buy
uniform,1038,400,21,22,818,30,25,buy
exponential,1794,100,2,13,1734,20,20,buy
uniform,1334,700,6,11,968,20,7,exchange
uniform,1073,400,26,20,871,30,27,exchange
uniform,3086,700,7,9,2670,10,9,buy
uniform,3151,700,6,1,2585,10,10,buy
uniform,1408,700,12,14,1027,20,8,exchange
exponential,1107,400,5,25,903,20,1,buy
uniform,1427,700,7,17,1080,20,9,exchange
uniform,1510,700,15,16,1118,20,10,exchange
exponential,8411,700,1,2,7712,2,1,buy
exponential,1820,200,24,34,1708,30,23,buy
exponential,8634,700,0,0,7935,2,2,buy
uniform,1599,700,13,23,1225,20,12,exchange
uniform,1429,400,6,14,1202,30,28,buy
exponential,1977,200,26,20,1864,30,24,buy
uniform,1468,400,2,15,1249,30,29,buy
exponential,2182,200,23,18,2070,30,25,buy
exponential,2183,200,10,41,2088,30,26,buy
exponential,1286,400,6,11,1054,20,2,exchange
exponential,2412,200,20,29,2307,30,27,buy
exponential,2479,200,13,15,2367,30,28,buy
uniform,1948,700,8,22,1588,20,13,buy
uniform,1956,700,11,19,1574,20,14,buy
uniform,1971,700,16,13,1610,20,15,exchange
uniform,2010,700,4,6,1617,20,16,buy
exponential,2422,700,5,14,2034,10,1,buy
exponential,1431,400,13,23,1210,20,3,buy
uniform,2085,400,22,17,1851,30,30,buy
exponential,3290,200,22,17,3170,30,29,buy
exponential,3130,700,0,9,2761,10,2,exchange
uniform,565,400,0,26,371,20,1,buy
uniform,568,400,5,25,355,20,2,exchange
uniform,575,400,1,24,384,20,3,exchange
uniform,597,400,18,22,396,20,4,exchange
uniform,642,400,14,21,434,20,5,exchange
uniform,655,400,13,23,427,20,6,exchange
uniform,662,400,8,22,480,20,7,exchange
uniform,667,400,11,19,440,20,9,exchange
uniform,740,400,7,17,523,20,11,exchange
exponential,1641,400,11,19,1411,20,4,exchange
uniform,808,400,16,13,585,20,12,buy
uniform,942,400,12,14,713,20,13,buy
uniform,969,400,6,11,762,20,14,exchange
uniform,3239,700,17,9,2797,20,17,buy
uniform,1144,400,15,16,904,20,15,exchange
uniform,3305,700,9,11,2922,20,18,buy
exponential,1059,400,3,41,867,30,1,exchange
uniform,1489,400,19,13,1256,20,16,buy
exponential,1787,400,3,29,1586,20,6,exchange
uniform,1648,400,10,4,1389,20,17,buy
exponential,1065,400,3,41,856,30,1,exchange
exponential,4562,700,1,12,4161,10,3,buy
exponential,4565,700,7,9,4153,10,4,buy
exponential,1835,400,14,21,1640,20,7,buy
exponential,1147,400,8,39,949,30,2,exchange
uniform,1988,400,9,11,1748,20,18,buy
exponential,1103,400,5,26,930,30,2,exchange
uniform,3788,700,10,4,3330,20,19,buy
exponential,1909,400,1,24,1704,20,8,buy
exponential,1947,400,9,11,1709,20,9,buy
exponential,1210,400,28,28,995,30,3,exchange
exponential,1218,400,0,30,1003,30,4,exchange
uniform,2536,400,17,9,2275,20,19,buy
exponential,1185,400,4,28,978,30,3,buy
uniform,901,700,5,26,538,30,1,exchange
exponential,5485,700,9,9,5080,10,5,buy
exponential,1258,400,19,48,1056,30,5,buy
uniform,2746,400,4,6,2518,20,20,buy
exponential,1219,400,8,39,1026,30,4,exchange
uniform,943,700,17,37,560,30,2,exchange
exponential,2137,400,12,14,1911,20,11,exchange
uniform,946,700,7,30,581,30,3,exchange
exponential,5931,700,6,1,5381,10,6,buy
uniform,963,700,10,41,617,30,4,buy
uniform,965,700,16,29,603,30,5,exchange
exponential,6161,700,8,9,5770,10,8,exchange
exponential,1284,400,10,41,1086,30,5,exchange
uniform,988,700,9,34,638,30,6,exchange
uniform,989,700,28,28,617,30,7,exchange
exponential,2338,400,7,17,2127,20,12,exchange
uniform,995,700,1,23,643,30,8,exchange
uniform,1019,700,8,39,681,30,9,buy
uniform,4746,700,19,13,4318,20,20,buy
exponential,6666,200,17,37,6569,30,30,buy
uniform,2385,400,0,0,1986,2,1,buy
uniform,2690,400,1,2,2291,2,2,buy
exponential,1372,400,27,35,1167,30,6,exchange
exponential,1437,400,15,30,1225,30,6,exchange
exponential,1382,400,0,30,1185,30,7,exchange
uniform,1058,700,27,35,687,30,10,exchange
uniform,1075,700,19,48,709,30,11,buy
exponential,1416,400,28,28,1218,30,8,exchange
uniform,1087,700,20,29,723,30,12,exchange
exponential,7914,700,4,2,7434,10,9,buy
exponential,1448,400,18,27,1249,30,9,exchange
exponential,1451,400,11,28,1247,30,10,exchange
exponential,1503,400,11,28,1304,30,8,exchange
uniform,1116,700,0,30,760,30,13,buy
exponential,1506,400,10,41,1304,30,9,exchange
exponential,542,200,5,25,444,20,1,exchange
exponential,608,200,18,22,506,20,2,buy
exponential,1512,400,19,48,1315,30,11,exchange
exponential,1562,400,4,28,1350,30,10,exchange
exponential,689,200,3,29,587,20,3,exchange
exponential,700,200,15,16,580,20,4,buy
uniform,1180,700,21,22,818,30,14,buy
exponential,3125,400,16,13,2906,20,13,buy
exponential,1602,400,9,34,1387,30,11,exchange
exponential,835,200,2,13,721,20,5,exchange
exponential,9060,700,2,8,8662,10,10,buy
exponential,1575,400,14,17,1362,30,12,exchange
exponential,912,200,12,14,796,20,6,exchange
exponential,1003,200,8,22,900,20,7,exchange
exponential,3282,400,18,22,3074,20,14,buy
exponential,1886,700,0,26,1548,20,1,exchange
uniform,1237,700,3,41,899,30,15,exchange
exponential,1664,400,20,29,1457,30,13,exchange
exponential,1671,400,1,23,1465,30,14,exchange
exponential,1629,400,13,15,1404,30,13,buy
exponential,1630,400,7,30,1442,30,14,buy
exponential,1179,200,9,11,1063,20,9,exchange
exponential,1933,700,1,24,1607,20,2,exchange
exponential,1269,200,19,13,1146,20,11,exchange
exponential,3553,400,17,9,3294,20,15,buy
exponential,3560,400,19,13,3310,20,16,buy
exponential,1494,200,1,24,1386,20,12,buy
exponential,1516,200,11,19,1401,20,13,buy
exponential,1782,400,26,20,1558,30,15,buy
uniform,1338,700,4,28,971,30,16,exchange
uniform,1347,700,11,28,985,30,17,exchange
exponential,1751,400,15,30,1550,30,15,buy
exponential,3844,400,2,13,3617,20,17,buy
uniform,1356,700,24,34,975,30,18,exchange
exponential,2090,200,17,9,1952,20,15,exchange
exponential,1813,400,17,37,1610,30,16,buy
uniform,1405,700,26,20,1033,30,19,exchange
exponential,2234,200,16,13,2123,20,16,buy
exponential,2262,200,7,17,2159,20,17,buy
exponential,2716,200,10,4,2583,20,18,buy
exponential,1949,400,9,34,1743,30,17,exchange
exponential,1952,400,12,11,1718,30,18,buy
exponential,2011,400,16,29,1798,30,16,buy
exponential,4631,400,15,16,4412,20,18,buy
exponential,3257,200,4,6,3125,20,19,buy
exponential,3348,200,14,21,3238,20,20,buy
uniform,1527,700,18,27,1163,30,21,exchange
exponential,2064,400,18,27,1862,30,17,buy
exponential,2242,700,18,22,1861,20,3,buy
exponential,2051,400,22,17,1832,30,19,buy
exponential,2108,400,29,14,1872,30,18,buy
exponential,5495,400,10,4,5215,20,19,buy
exponential,5522,400,4,6,5286,20,20,buy
exponential,373,50,0,0,324,2,1,buy
exponential,845,50,1,2,796,2,2,buy
exponential,2250,400,29,14,2036,30,20,buy
exponential,2299,400,2,15,2074,30,19,buy
uniform,1729,700,29,14,1336,30,23,exchange
uniform,1763,700,23,18,1380,30,24,exchange
exponential,2438,400,25,22,2212,30,20,buy
exponential,2409,400,23,18,2169,30,21,buy
exponential,2600,400,25,22,2355,30,23,exchange
uniform,2088,700,13,15,1698,30,25,buy
exponential,2828,400,21,22,2611,30,24,buy
exponential,2866,400,21,22,2643,30,21,buy
exponential,2973,400,27,35,2770,30,23,exchange
exponential,2986,400,13,15,2784,30,25,exchange
exponential,2884,700,5,25,2537,20,4,exchange
uniform,2233,700,6,14,1843,30,26,buy
exponential,3030,400,24,34,2816,30,26,buy
uniform,2275,700,12,11,1871,30,27,buy
exponential,3170,400,23,18,2946,30,27,buy
exponential,3189,400,26,20,2967,30,25,buy
exponential,3282,400,24,34,3061,30,26,buy
exponential,3071,700,8,22,2690,20,5,exchange
exponential,3129,700,4,6,2714,20,6,exchange
uniform,2511,700,2,15,2150,30,28,buy
exponential,3572,400,14,17,3344,30,28,buy
exponential,3813,400,16,29,3613,30,27,buy
exponential,3470,700,11,19,3095,20,7,exchange
exponential,4105,400,22,17,3867,30,29,buy
exponential,4368,400,2,15,4161,30,28,buy
exponential,4444,400,6,14,4229,30,29,buy
uniform,3127,700,25,22,2753,30,29,buy
uniform,3198,700,22,17,2796,30,30,buy
exponential,4091,700,2,13,3709,20,8,buy
exponential,4477,700,14,21,4145,20,10,exchange
exponential,4538,700,6,11,4152,20,11,buy
exponential,5916,400,1,23,5714,30,30,buy
exponential,4913,700,15,16,4521,20,12,buy
exponential,5181,700,16,13,4807,20,13,buy
exponential,7012,400,12,11,6782,30,30,buy
exponential,1089,400,1,24,900,20,1,exchange
exponential,1316,400,14,21,1108,20,2,exchange
exponential,1324,400,3,29,1132,20,3,buy
exponential,1360,400,18,22,1139,20,4,exchange
exponential,1497,400,13,23,1277,20,5,buy
exponential,1609,400,8,22,1417,20,6,exchange
exponential,6654,700,19,13,6227,20,14,buy
exponential,1707,400,4,6,1471,20,7,buy
exponential,1878,400,0,26,1674,20,8,exchange
exponential,6854,700,3,29,6480,20,15,buy
exponential,1969,400,6,11,1748,20,9,buy
exponential,2194,700,1,23,1839,30,1,buy
exponential,2282,400,19,13,2037,20,10,buy
exponential,2230,700,20,29,1836,30,3,exchange
exponential,2235,700,4,28,1896,30,4,exchange
exponential,2236,700,17,37,1852,30,5,exchange
exponential,2438,400,15,16,2220,20,12,exchange
exponential,2249,700,8,39,1898,30,6,exchange
exponential,7291,700,10,4,6850,20,16,buy
exponential,2276,700,3,41,1934,30,7,exchange
exponential,2685,400,12,14,2475,20,13,buy
exponential,2305,700,7,30,1943,30,8,exchange
exponential,2839,400,11,19,2615,20,14,buy
exponential,3385,400,16,13,3176,20,15,buy
exponential,3654,400,10,4,3387,20,16,buy
exponential,8024,700,13,23,7669,20,17,buy
exponential,3664,400,2,13,3445,20,17,buy
exponential,8223,700,17,9,7785,20,18,buy
exponential,4247,400,7,17,4026,20,18,buy
exponential,2498,700,28,28,2124,30,9,exchange
exponential,8455,700,12,14,8080,20,19,buy
exponential,8557,700,9,11,8149,20,20,buy
exponential,4492,400,0,0,4093,2,1,buy
exponential,4533,400,1,2,4134,2,2,buy
exponential,2563,700,0,30,2215,30,10,exchange
exponential,3842,400,3,2,3443,5,1,buy
exponential,2578,700,11,28,2211,30,11,exchange
exponential,4181,400,4,0,3782,5,2,buy
exponential,4703,400,0,8,4304,5,3,buy
exponential,4711,400,1,2,4312,5,4,buy
exponential,6430,400,2,0,6031,5,5,buy
exponential,5286,400,17,9,5032,20,19,buy
exponential,2742,700,10,41,2397,30,12,exchange
exponential,6633,400,9,11,6397,20,20,buy
exponential,2893,700,26,20,2521,30,14,exchange
exponential,3016,700,9,34,2661,30,15,buy
exponential,3029,700,15,30,2654,30,16,exchange
exponential,3138,700,27,35,2772,30,18,exchange
exponential,3256,700,24,34,2893,30,20,exchange
exponential,4360,700,25,22,3988,30,22,exchange
exponential,4494,700,6,14,4098,30,23,buy
exponential,5158,700,21,22,4772,30,24,buy
exponential,5736,700,19,48,5351,30,25,buy
exponential,7354,700,12,11,6937,30,26,buy
exponential,7847,700,23,18,7454,30,27,buy
exponential,10658,700,13,15,10269,30,28,buy
exponential,10690,700,29,14,10290,30,29,buy
exponential,13048,700,22,17,12642,30,30,buy
exponential,27,10,0,0,18,2,1,buy
exponential,113,10,1,2,104,2,2,buy
exponential,27,10,0,0,18,2,1,buy
exponential,113,10,1,2,104,2,2,buy
exponential,27,10,0,0,18,2,1,buy
exponential,113,10,1,2,104,2,2,buy
exponential,27,10,0,0,18,2,1,buy
exponential,113,10,1,2,104,2,2,buy
exponential,27,10,0,0,18,2,1,buy
exponential,113,10,1,2,104,2,2,buy
exponential,27,10,0,0,18,2,1,buy
exponential,113,10,1,2,104,2,2,buy
uniform,26,10,1,2,17,2,1,buy
uniform,41,10,0,0,32,2,2,buy
exponential,27,10,0,0,18,2,1,buy
exponential,113,10,1,2,104,2,2,buy
uniform,26,10,1,2,17,2,1,buy
uniform,41,10,0,0,32,2,2,buy
